{
  "PIANO": {
    "attack": {
      "mean": 8.200913242009133,
      "median": 7.0,
      "std": 5.129139553244648,
      "var": 26.308072556658704,
      "min": 0.0,
      "max": 35.0,
      "q25": 6.0,
      "q75": 9.0,
      "iqr": 3.0
    },
    "slope": {
      "mean": -2.8992373240685922,
      "median": -2.882558514044422,
      "std": 0.7299861980081865,
      "var": 0.5328798492824474,
      "min": -6.413711662546794,
      "max": -0.5854117112898959,
      "q25": -3.372961610057807,
      "q75": -2.435944900726321,
      "iqr": 0.9370167093314858
    },
    "h2_h1": {
      "mean": 0.8680682026326112,
      "median": 0.417813241481781,
      "std": 1.433403046585435,
      "var": 2.054644293960407,
      "min": 0.004624003544449806,
      "max": 13.696629524230957,
      "q25": 0.2965928465127945,
      "q75": 0.774261087179184,
      "iqr": 0.47766824066638947
    },
    "h3_h1": {
      "mean": 0.2906251928946333,
      "median": 0.060008250176906586,
      "std": 1.0402574080915525,
      "var": 1.082135475089355,
      "min": 0.00038912586751393974,
      "max": 10.817850112915039,
      "q25": 0.03826119005680084,
      "q75": 0.14409097284078598,
      "iqr": 0.10582978278398514
    },
    "odd_even": {
      "mean": 0.2917964485682309,
      "median": 0.21334867179393768,
      "std": 0.23520434472255083,
      "var": 0.05532108377636453,
      "min": 0.0861486941576004,
      "max": 1.3108690977096558,
      "q25": 0.1502237394452095,
      "q75": 0.3045446425676346,
      "iqr": 0.15432090312242508
    }
  },
  "TRUMPET": {
    "attack": {
      "mean": 4.13302752293578,
      "median": 4.0,
      "std": 2.3151894766094316,
      "var": 5.360102312603053,
      "min": 0.0,
      "max": 28.0,
      "q25": 3.0,
      "q75": 4.0,
      "iqr": 1.0
    },
    "slope": {
      "mean": -12.741131048213726,
      "median": -4.159494083866868,
      "std": 11.25651842925934,
      "var": 126.70920714825519,
      "min": -30.667799480262072,
      "max": 0.5265635764884942,
      "q25": -27.49052015526211,
      "q75": -2.9982936651591485,
      "iqr": 24.49222649010296
    },
    "h2_h1": {
      "mean": 0.8256231282555729,
      "median": 0.5532619059085846,
      "std": 1.0443680472559729,
      "var": 1.090704618129254,
      "min": 0.4104815125465393,
      "max": 10.25075912475586,
      "q25": 0.5028923600912094,
      "q75": 0.771801695227623,
      "iqr": 0.2689093351364136
    },
    "h3_h1": {
      "mean": 0.5916042872661844,
      "median": 0.3158131539821625,
      "std": 0.6042465321134821,
      "var": 0.3651138715711693,
      "min": 0.16773217916488647,
      "max": 4.558050632476807,
      "q25": 0.2668258100748062,
      "q75": 0.6205613315105438,
      "iqr": 0.3537355214357376
    },
    "odd_even": {
      "mean": 0.5831142199832365,
      "median": 0.5796648561954498,
      "std": 0.16276095560153658,
      "var": 0.026491128668325363,
      "min": 0.11004149913787842,
      "max": 1.0156652927398682,
      "q25": 0.5035051107406616,
      "q75": 0.663609579205513,
      "iqr": 0.16010446846485138
    }
  }
}